{"data":{"Year":[2000,2001,2002,2003,2004,2005,2006,2007,2008,2009,2010,2011,2012,2013,2014,2015,2016,2017,2018,2019,2020,2021],"UPPER_BOUND":["74.1084","74.1084","81.7451","81.7451","81.7451","81.7451","81.7451","81.7451","81.7451","81.7451","81.7451","81.7451","81.7451","81.7451","81.7451","81.7451","81.7451","81.7451","81.7451","81.7451","81.7451","81.7451"],"LOWER_BOUND":["66.4167","66.4167","81.7451","81.7451","81.7451","81.7451","81.7451","81.7451","81.7451","81.7451","81.7451","81.7451","81.7451","81.7451","81.7451","81.7451","81.7451","81.7451","81.7451","81.7451","81.7451","81.7451"],"Value":[74.10843,74.10843,81.74512,81.74512,81.74512,81.74512,81.74512,81.74512,81.74512,81.74512,81.74512,81.74512,81.74512,81.74512,81.74512,81.74512,81.74512,81.74512,81.74512,81.74512,81.74512,81.74512]},"edges":{"From":["UPPER_BOUND"],"To":["LOWER_BOUND"]}}