{"data":{"Year":[2002,2003,2004,2005,2006,2007,2008,2009,2010,2011,2012,2013,2014,2015,2016,2017,2018,2019,2020],"Value":[2.17459,3.33085,0.1846,0.36035,1.59186,0.31056,0.61299,3.69302,42.55869,19.02151,3.78215,10.94893,17.79764,5.30941,19.99916,5.07485,59.45722,12.42808,4.81251]},"edges":[]}