{"data":{"Year":[2000,2001,2002,2003,2004,2005,2006,2007,2008,2009,2010,2011,2012,2013,2014,2015,2016,2017,2018,2019,2020,2000,2001,2002,2003,2004,2005,2006,2007,2008,2009,2010,2011,2012,2013,2014,2015,2016,2017,2018,2019,2020,2000,2001,2002,2003,2004,2005,2006,2007,2008,2009,2010,2011,2012,2013,2014,2015,2016,2017,2018,2019,2020],"NATURE":["M","M","C","M","M","M","C","M","M","C","M","C","C","M","C","C","M","M","M","M","C","M","M","M","M","M","M","M","M","M","M","M","M","M","M","M","M","M","M","M","M","M","M","M","M","M","M","M","C","M","M","C","M","C","M","M","C","C","M","M","M","M","C"],"Degree of urbanisation":[null,null,null,null,null,null,null,null,null,null,null,null,null,null,null,null,null,null,null,null,null,"Rural","Rural","Rural","Rural","Rural","Rural","Rural","Rural","Rural","Rural","Rural","Rural","Rural","Rural","Rural","Rural","Rural","Rural","Rural","Rural","Rural","Urban","Urban","Urban","Urban","Urban","Urban","Urban","Urban","Urban","Urban","Urban","Urban","Urban","Urban","Urban","Urban","Urban","Urban","Urban","Urban","Urban"],"Nature of data points":["Country Data","Country Data","Country Data","Country Data","Country Data","Country Data","Country Data","Country Data","Country Data","Country Data","Country Data","Country Data","Country Data","Country Data","Country Data","Country Data","Country Data","Country Data","Country Data","Country Data","Country Data","Modeled","Modeled","Modeled","Modeled","Modeled","Modeled","Modeled","Modeled","Modeled","Modeled","Modeled","Modeled","Modeled","Modeled","Modeled","Modeled","Modeled","Modeled","Modeled","Modeled","Modeled","Country Data","Country Data","Country Data","Country Data","Country Data","Country Data","Country Data","Country Data","Country Data","Country Data","Country Data","Country Data","Country Data","Country Data","Country Data","Country Data","Country Data","Country Data","Country Data","Country Data","Country Data"],"Value":[33.65489,34.17284,34.2,35.18835,35.6906,36.19231,37.2,37.20401,37.71935,43.36908,38.78255,36.9,44.0,40.49837,32.3,33.7,42.56173,44.17863,45.57265,46.78148,52.74767,7.27254,7.60102,7.18126,8.84504,9.84671,10.83047,9.37076,12.75723,13.7136,19.57489,15.64668,14.08005,23.74675,18.69828,7.69181,10.94931,22.08705,24.53109,26.61712,28.40488,37.06025,85.42393,85.36462,85.30399,85.24897,85.20652,85.18358,91.4,85.20716,85.24442,90.86194,85.34143,83.2,85.43053,85.45915,83.4,81.2,85.48399,85.47829,85.46877,85.45734,85.71548]},"edges":{"From":["NATURE","Nature of data points"],"To":["Nature of data points","Degree of urbanisation"]}}