Year,NATURE,Value
2010,C,8.53672
2012,C,29.75109
2013,C,28.66034
2014,C,30.01515
2015,C,29.47083
2016,C,23.52708
2017,E,20.8742
2018,E,19.03984
