Year,Value
2000,2.1738
2001,1.9051
2002,1.64116
2003,1.60996
2004,1.66942
2005,1.74613
2006,1.79491
2007,1.59747
2008,1.87925
2009,2.57787
2010,3.18811
2011,3.70904
2012,4.3967
2013,4.60397
2014,4.70311
2015,4.79771
2016,4.9131
2017,5.20921
2018,4.83018
2019,4.45059
