Year,Value
2005,74.5001
2010,77.42896
2015,84.1467
2016,83.02333
2017,81.39463
2018,81.702
2019,81.38466
2020,80.16529
