Year,Value
2000,27.52175
2002,26.92639
2004,26.33104
2006,25.73569
2008,25.14033
2010,24.54498
2012,23.94962
2014,23.35427
2016,22.75892
2018,22.16356
2020,21.56821
