Year,Value
2009,95.90483
2010,104.21075
2011,90.32809
2012,85.55404
2015,80.20597
2016,60.02437
2017,54.60421
2018,61.45072
