{"data":{"Year":[2010,2012,2013,2014,2015,2016,2017,2018],"NATURE":["C","C","C","C","C","C","E","E"],"Value":[8.53672,29.75109,28.66034,30.01515,29.47083,23.52708,20.8742,19.03984]},"edges":[]}