{"data":{"Year":[2000,2001,2002,2003,2004,2005,2006,2007,2008,2009,2010,2011,2012,2013,2014,2015,2016,2017,2018,2019,2020],"Value":[-8.62283,-0.54875,-6.17818,-7.67756,-3.94466,-4.51417,-4.24873,-4.05996,-5.69281,57.65511,18.06597,12.4528,14.70106,0.19252,0.59613,0.10065,-0.79315,3.18705,3.3616,-9.594,-0.67478]},"edges":[]}