{"Year":[2005,2010,2015,2016,2017,2018,2019,2020,2005,2010,2015,2016,2017,2018,2019,2020,2005,2010,2015,2019,2020,2005,2010,2015,2016,2017,2018,2019,2020,2005,2010,2015,2016,2017,2018,2019,2020,2005,2010,2015,2016,2017,2018,2019,2020],"Type of product":[null,null,null,null,null,null,null,null,"Agriculture products","Agriculture products","Agriculture products","Agriculture products","Agriculture products","Agriculture products","Agriculture products","Agriculture products","Arms","Arms","Arms","Arms","Arms","Clothing","Clothing","Clothing","Clothing","Clothing","Clothing","Clothing","Clothing","Industrial products","Industrial products","Industrial products","Industrial products","Industrial products","Industrial products","Industrial products","Industrial products","Textiles","Textiles","Textiles","Textiles","Textiles","Textiles","Textiles","Textiles"],"Observation-level footnotes":[null,null,null,null,null,null,null,null,null,null,null,null,null,null,null,null,"Obs_Value = 0;  ","Obs_Value = 0;  ","Obs_Value = 0;  ","Obs_Value = 0;  ","Obs_Value = 0;  ",null,null,null,null,null,null,null,null,null,null,null,null,null,null,null,null,null,null,null,null,null,null,null,null],"COMMENT_OBS":[null,null,null,null,null,null,null,null,null,null,null,null,null,null,null,null,null,null,"Obs_Value = 0;  ",null,null,null,null,null,null,null,null,null,null,null,null,null,null,null,null,null,null,null,null,null,null,null,null,null,null],"Value":[74.5001,77.42896,84.1467,83.02333,81.39463,81.702,81.38466,80.16529,76.22378,77.68987,74.50199,71.82482,73.73737,73.20513,74.27241,74.35028,80.0,66.66667,0.0,100.0,100.0,45.98214,80.43478,79.72028,73.80952,81.67539,81.77083,75.24272,69.62617,76.05426,76.36432,87.17728,87.26817,84.01541,84.66407,84.45341,83.69565,73.45845,87.21461,90.0,85.43046,84.53039,84.61538,84.15301,81.81818]}