{"Year":[2000,2001,2002,2003,2004,2005,2006,2007,2008,2009,2010,2011,2012,2013,2014,2015,2016,2017,2018,2019,2020],"Value":[212.78,187.67167,214.66667,279.28483,339.32817,398.95817,62.94,483.78767,622.48767,637.00767,743.27309,729.62,1048.56685,867.83138,772.13412,829.6486,501.24572,672.87071,745.66495,806.12755,983.8766]}