{"Year":[2000,2002,2004,2006,2008,2010,2012,2014,2016,2018,2020],"Value":[27.52175,26.92639,26.33104,25.73569,25.14033,24.54498,23.94962,23.35427,22.75892,22.16356,21.56821]}