Year,Value
2000,68.54068
2006,21.18472
