{"Year":[2000,2001,2002,2003,2004,2005,2006,2007,2008,2009,2010,2011,2012,2013,2014,2015,2016,2017,2018,2019,2020],"NATURE":["E","E","E","E","E","E","E","CA","CA","CA","CA","CA","CA","CA","CA","CA","CA","CA","CA","CA","CA"],"UPPER_BOUND":["266.856","265.933","262.655","268.387","263.244","264.891","269.596","305.788","144.629","152.579","173.546","97.8142","76.9504","107.135","130.452","132.619","94.6432","170.273","79.0963","97.5425","140.938"],"LOWER_BOUND":["31.1157","29.924","29.592","29.5288","28.109","28.7507","29.3969","73.5384","18.691","41.2963","59.957","46.3962","39.3355","58.3425","75.2231","66.1586","45.0707","74.036","34.4734","40.7169","59.0946"],"Value":[113.03278,113.03279,113.03282,113.03288,113.03279,113.03287,113.03282,175.12047,74.72573,90.14505,109.79371,70.67823,57.21868,81.95161,101.89351,97.61003,68.37583,118.8244,55.82633,67.87406,98.50933]}