{"Year":[2006,2007,2008,2009,2010,2011,2012,2013,2014,2015,2016,2017,2018,2019,2020],"Value":[0.13578,0.05179,0.21321,2.50356,0.96611,0.9964,1.37589,1.5908,1.696,3.35073,1.48781,1.8222,2.72608,3.53943,1.84314]}