{"Year":[2010,2011,2012,2013,2014,2015,2016,2017,2018,2019,2010,2011,2012,2013,2014,2015,2016,2017,2018,2019,2010,2011,2012,2013,2014,2015,2016,2017,2018,2019,2010,2011,2012,2013,2014,2015,2016,2017,2018,2019,2010,2011,2012,2013,2014,2015,2016,2017,2018,2019],"Degree of urbanisation":[null,null,null,null,null,null,null,null,null,null,"City","City","City","City","City","City","City","City","City","City","Rural","Rural","Rural","Rural","Rural","Rural","Rural","Rural","Rural","Rural","Town and semi-dense area","Town and semi-dense area","Town and semi-dense area","Town and semi-dense area","Town and semi-dense area","Town and semi-dense area","Town and semi-dense area","Town and semi-dense area","Town and semi-dense area","Town and semi-dense area","Urban","Urban","Urban","Urban","Urban","Urban","Urban","Urban","Urban","Urban"],"Value":[19.7989789069,19.71978356,19.4277688042,18.839576584,18.9049687,19.5323271753,18.6872858074,18.8954013493,18.6653176496,18.4708031158,22.4869285558,22.5937308961,22.6982578195,21.7237420937,21.5207777532,22.1797556216,21.5189150302,21.9038198467,21.3188586494,21.4466430336,18.8198780955,18.6824197827,18.2485023313,17.8115086481,17.9524803022,18.5651999139,17.6599913962,17.8422393252,17.7048600066,17.4208886055,19.3709020229,19.21388747,18.8621256099,18.2756149952,18.5454933618,19.2049865258,18.3045133815,18.2426290047,18.3213937514,17.9137734819,21.6301689039,21.6639863052,21.6424995739,20.7743318957,20.7011887258,21.359938721,20.6326579897,20.8939241373,20.4916791851,20.4712940697]}