{"Year":[2000,2006],"Value":[68.54068,21.18472]}