{"Year":[2009,2010,2011,2012,2015,2016,2017,2018],"Value":[95.90483,104.21075,90.32809,85.55404,80.20597,60.02437,54.60421,61.45072]}