{"Year":[1977,1978,1979,1980,1981,1982,1983,1984,1985,1986,1987,1988,1989,1990,1991,1992,1993,1994,2005,2006,2007,2008,2009,2010,2011,2012,2013,2014,2015,2016,2017,2018,2019,2020],"COMMENT_OBS":[null,null,null,null,null,null,null,null,null,null,null,null,null,null,null,null,null,null,"Obs_Value = 0;  ","Obs_Value = 0;  ","Obs_Value = 0;  ","Obs_Value = 0;  ",null,null,null,null,null,null,null,null,null,null,null,null],"Value":[0.4043,0.29626,0.37465,0.25291,0.35318,0.3852,0.25188,0.05992,0.01099,0.01263,0.01696,0.0177,0.0086,0.00966,0.00405,0.00871,0.01715,0.63398,0.0,0.0,0.0,0.0,12.47344,11.73633,13.61145,12.34939,9.90136,9.7662,10.2518,9.03238,9.83733,7.88109,7.34801,10.14914]}