{"Year":[2000,2005,2010,2015,2019,2000,2005,2010,2015,2019,2000,2005,2010,2015,2019],"UPPER_BOUND":["3.08695","3.4332","4.8691","6.39869","5.60313","1.14332","1.28643","1.82658","2.40781","2.06499","5.38215","6.10773","8.80935","11.6173","10.1992"],"LOWER_BOUND":["2.04938","2.34131","3.31307","4.22454","3.6602","0.73291","0.85261","1.22688","1.57615","1.34134","3.54571","4.1933","5.98347","7.71302","6.65021"],"Sex":[null,null,null,null,null,"Female","Female","Female","Female","Female","Male","Male","Male","Male","Male"],"Upper bound value":["5.60313","5.60313","5.60313","5.60313","5.60313","2.06499","2.06499","2.06499","2.06499","2.06499","10.1992","10.1992","10.1992","10.1992","10.1992"],"Lower bound value":["3.6602","3.6602","3.6602","3.6602","3.6602","1.34134","1.34134","1.34134","1.34134","1.34134","6.65021","6.65021","6.65021","6.65021","6.65021"],"Value":[2.47509,2.84228,4.07826,5.27024,4.51536,0.88367,1.02589,1.46749,1.89586,1.62063,4.22449,4.93969,7.1543,9.2852,7.94282]}